{"ff": {"Deepfakes": {"video_acc": 1.0, "video_threshold": 0.5, "video_auc": 1.0, "frame_acc": 1.0, "frame_threshold": 0.5, "frame_auc": 1.0}, "NeuralTextures": {"video_acc": 0.9928571428571429, "video_threshold": 0.5, "video_auc": 0.993061224489796, "frame_acc": 0.9925, "frame_threshold": 0.5, "frame_auc": 0.992946556122449}, "FaceSwap": {"video_acc": 1.0, "video_threshold": 0.5, "video_auc": 1.0, "frame_acc": 0.9996428571428572, "frame_threshold": 0.5, "frame_auc": 0.9995422193877551}, "Face2Face": {"video_acc": 0.9928571428571429, "video_threshold": 0.5, "video_auc": 0.993061224489796, "frame_acc": 0.9928571428571429, "frame_threshold": 0.5, "frame_auc": 0.992946556122449}, "all": {"video_acc": 0.9942857142857143, "video_threshold": 0.5, "video_auc": 0.9965306122448979, "frame_acc": 0.994, "frame_threshold": 0.5, "frame_auc": 0.9963588329081633}}}