{"ff": {"Deepfakes": {"video_acc": 1.0, "video_threshold": 0.5, "video_auc": 1.0, "frame_acc": 1.0, "frame_threshold": 0.5, "frame_auc": 1.0}, "NeuralTextures": {"video_acc": 0.9892857142857143, "video_threshold": 0.5, "video_auc": 0.9941326530612246, "frame_acc": 0.9907142857142858, "frame_threshold": 0.5, "frame_auc": 0.9922426020408164}, "FaceSwap": {"video_acc": 1.0, "video_threshold": 0.5, "video_auc": 1.0, "frame_acc": 0.9996428571428572, "frame_threshold": 0.5, "frame_auc": 0.9997951530612246}, "Face2Face": {"video_acc": 0.9928571428571429, "video_threshold": 0.5, "video_auc": 0.9941326530612246, "frame_acc": 0.9925, "frame_threshold": 0.5, "frame_auc": 0.9922440051020408}, "all": {"video_acc": 0.9928571428571429, "video_threshold": 0.5, "video_auc": 0.9970663265306122, "frame_acc": 0.9931428571428571, "frame_threshold": 0.5, "frame_auc": 0.9960704400510205}}}