{"ff": {"Deepfakes": {"video_acc": 1.0, "video_threshold": 0.5, "video_auc": 1.0, "frame_acc": 0.9994642857142857, "frame_threshold": 0.5, "frame_auc": 0.9999998724489796}, "NeuralTextures": {"video_acc": 0.9892857142857143, "video_threshold": 0.5, "video_auc": 0.9891326530612246, "frame_acc": 0.9891071428571429, "frame_threshold": 0.5, "frame_auc": 0.989277551020408}, "FaceSwap": {"video_acc": 1.0, "video_threshold": 0.5, "video_auc": 1.0, "frame_acc": 0.9996428571428572, "frame_threshold": 0.5, "frame_auc": 0.9998498724489797}, "Face2Face": {"video_acc": 0.9928571428571429, "video_threshold": 0.5, "video_auc": 0.9891326530612246, "frame_acc": 0.9928571428571429, "frame_threshold": 0.5, "frame_auc": 0.9892964285714285}, "all": {"video_acc": 0.9928571428571429, "video_threshold": 0.5, "video_auc": 0.9945663265306123, "frame_acc": 0.9924285714285714, "frame_threshold": 0.5, "frame_auc": 0.9946059311224489}}}