{"ff": {"Deepfakes": {"video_acc": 0.7928571428571428, "video_threshold": 0.5, "video_auc": 0.9631632653061224, "frame_acc": 0.7775, "frame_threshold": 0.5, "frame_auc": 0.9356018494897959}, "NeuralTextures": {"video_acc": 0.7642857142857142, "video_threshold": 0.5, "video_auc": 0.884234693877551, "frame_acc": 0.7435714285714285, "frame_threshold": 0.5, "frame_auc": 0.856604081632653}, "FaceSwap": {"video_acc": 0.7892857142857143, "video_threshold": 0.5, "video_auc": 0.9436734693877551, "frame_acc": 0.7707142857142857, "frame_threshold": 0.5, "frame_auc": 0.9173136479591836}, "Face2Face": {"video_acc": 0.7714285714285715, "video_threshold": 0.5, "video_auc": 0.9189795918367346, "frame_acc": 0.7580357142857143, "frame_threshold": 0.5, "frame_auc": 0.8909509566326531}, "all": {"video_acc": 0.8914285714285715, "video_threshold": 0.5, "video_auc": 0.9275127551020408, "frame_acc": 0.8768571428571429, "frame_threshold": 0.5, "frame_auc": 0.9001176339285715}}}