{"ff": {"Deepfakes": {"video_acc": 0.85, "video_threshold": 0.5, "video_auc": 0.960969387755102, "frame_acc": 0.8244642857142858, "frame_threshold": 0.5, "frame_auc": 0.9412406249999999}, "NeuralTextures": {"video_acc": 0.8071428571428572, "video_threshold": 0.5, "video_auc": 0.8772448979591838, "frame_acc": 0.7723214285714286, "frame_threshold": 0.5, "frame_auc": 0.8500736607142858}, "FaceSwap": {"video_acc": 0.8464285714285714, "video_threshold": 0.5, "video_auc": 0.9481122448979593, "frame_acc": 0.815, "frame_threshold": 0.5, "frame_auc": 0.9329883290816327}, "Face2Face": {"video_acc": 0.8392857142857143, "video_threshold": 0.5, "video_auc": 0.9282142857142858, "frame_acc": 0.805, "frame_threshold": 0.5, "frame_auc": 0.9008279336734694}, "all": {"video_acc": 0.8957142857142857, "video_threshold": 0.5, "video_auc": 0.9286352040816328, "frame_acc": 0.8722857142857143, "frame_threshold": 0.5, "frame_auc": 0.9062826371173468}}}