{"ff": {"Deepfakes": {"video_acc": 0.8285714285714286, "video_threshold": 0.5, "video_auc": 0.9690306122448981, "frame_acc": 0.8119642857142857, "frame_threshold": 0.5, "frame_auc": 0.9474987244897958}, "NeuralTextures": {"video_acc": 0.7964285714285714, "video_threshold": 0.5, "video_auc": 0.8804081632653061, "frame_acc": 0.7544642857142857, "frame_threshold": 0.5, "frame_auc": 0.8508105229591838}, "FaceSwap": {"video_acc": 0.8214285714285714, "video_threshold": 0.5, "video_auc": 0.9445918367346938, "frame_acc": 0.7983928571428571, "frame_threshold": 0.5, "frame_auc": 0.9186661989795919}, "Face2Face": {"video_acc": 0.7928571428571428, "video_threshold": 0.5, "video_auc": 0.9158163265306122, "frame_acc": 0.7753571428571429, "frame_threshold": 0.5, "frame_auc": 0.8929954081632653}, "all": {"video_acc": 0.8928571428571429, "video_threshold": 0.5, "video_auc": 0.9274617346938776, "frame_acc": 0.8716428571428572, "frame_threshold": 0.5, "frame_auc": 0.9024927136479591}}}