{"ff": {"Deepfakes": {"video_acc": 0.9785714285714285, "video_threshold": 0.5, "video_auc": 0.9985714285714286, "frame_acc": 0.965, "frame_threshold": 0.5, "frame_auc": 0.9945810586734695}, "NeuralTextures": {"video_acc": 0.9607142857142857, "video_threshold": 0.5, "video_auc": 0.981887755102041, "frame_acc": 0.9344642857142857, "frame_threshold": 0.5, "frame_auc": 0.9762250637755103}, "FaceSwap": {"video_acc": 0.9857142857142858, "video_threshold": 0.5, "video_auc": 0.9996938775510203, "frame_acc": 0.9732142857142857, "frame_threshold": 0.5, "frame_auc": 0.9973926020408163}, "Face2Face": {"video_acc": 0.9821428571428571, "video_threshold": 0.5, "video_auc": 0.9892857142857144, "frame_acc": 0.9644642857142857, "frame_threshold": 0.5, "frame_auc": 0.9892477040816328}, "all": {"video_acc": 0.9757142857142858, "video_threshold": 0.5, "video_auc": 0.9923596938775511, "frame_acc": 0.961, "frame_threshold": 0.5, "frame_auc": 0.9893616071428571}}}