{"ff": {"Deepfakes": {"video_acc": 0.9821428571428571, "video_threshold": 0.5, "video_auc": 0.999030612244898, "frame_acc": 0.9678571428571429, "frame_threshold": 0.5, "frame_auc": 0.9969536352040816}, "NeuralTextures": {"video_acc": 0.9571428571428572, "video_threshold": 0.5, "video_auc": 0.9857142857142858, "frame_acc": 0.9466071428571429, "frame_threshold": 0.5, "frame_auc": 0.9829463647959182}, "FaceSwap": {"video_acc": 0.975, "video_threshold": 0.5, "video_auc": 0.997704081632653, "frame_acc": 0.9660714285714286, "frame_threshold": 0.5, "frame_auc": 0.9937438137755104}, "Face2Face": {"video_acc": 0.975, "video_threshold": 0.5, "video_auc": 0.9898979591836735, "frame_acc": 0.9639285714285715, "frame_threshold": 0.5, "frame_auc": 0.9891168367346937}, "all": {"video_acc": 0.9771428571428571, "video_threshold": 0.5, "video_auc": 0.9930867346938775, "frame_acc": 0.9675714285714285, "frame_threshold": 0.5, "frame_auc": 0.9906901626275512}}}