{"celeb": {"video_acc": 0.8751533742331289, "video_threshold": 0.5, "video_auc": 0.7518700335489886, "frame_acc": 0.842414480748581, "frame_threshold": 0.5, "frame_auc": 0.6889278349139112}}